{
    "environment-medium-1-1": "Freshwater beaches identified using 'Beach Type Description' field.",
    "environment-medium-1-2": 3.9676406830195647,
    "environment-medium-1-3": 5.574868031414961,
    "environment-medium-1-4": 1.607227348395396
}
