{
    "environment-medium-1-1": 5.574868031414961,
    "environment-medium-1-2": 3.966805913797119,
    "environment-medium-1": 1.6080621176178416
}
